{"cameraMode":{"drawMode":0,"name":"Shaded","section":"Shading Mode"},"sceneLighting":true,"audioPlay":false,"sceneViewState":{"m_AlwaysRefresh":false,"showFog":true,"showSkybox":true,"showFlares":true,"showImageEffects":true,"showParticleSystems":true,"showVisualEffectGraphs":true,"m_FxEnabled":true},"in2DMode":false,"pivot":{"x":8.65443229675293,"y":3.282888650894165,"z":10.051868438720704},"rotation":{"x":-0.02879384532570839,"y":0.02908085472881794,"z":-0.0007788488874211907,"w":-0.9990914463996887},"size":6.055859088897705,"orthographic":false}