{"cameraMode":{"drawMode":0,"name":"Shaded","section":"Shading Mode"},"sceneLighting":true,"audioPlay":false,"sceneViewState":{"m_AlwaysRefresh":false,"showFog":true,"showSkybox":true,"showFlares":true,"showImageEffects":true,"showParticleSystems":true,"showVisualEffectGraphs":true,"m_FxEnabled":true},"in2DMode":false,"pivot":{"x":2.2373862266540529,"y":5.46288537979126,"z":-12.543655395507813},"rotation":{"x":0.08716292679309845,"y":0.007421413436532021,"z":-0.0011518154060468078,"w":0.9958124160766602},"size":0.8609133958816528,"orthographic":false}